"Osnovni podatki o živorojenih, občine, Slovenija, letno"

"OBČINE";"1995 Živorojeni - SKUPAJ";"1995 Živorojeni na 1.000 prebivalcev";"1996 Živorojeni - SKUPAJ";"1996 Živorojeni na 1.000 prebivalcev";"1997 Živorojeni - SKUPAJ";"1997 Živorojeni na 1.000 prebivalcev";"1998 Živorojeni - SKUPAJ";"1998 Živorojeni na 1.000 prebivalcev";"1999 Živorojeni - SKUPAJ";"1999 Živorojeni na 1.000 prebivalcev";"2000 Živorojeni - SKUPAJ";"2000 Živorojeni na 1.000 prebivalcev";"2001 Živorojeni - SKUPAJ";"2001 Živorojeni na 1.000 prebivalcev";"2002 Živorojeni - SKUPAJ";"2002 Živorojeni na 1.000 prebivalcev";"2003 Živorojeni - SKUPAJ";"2003 Živorojeni na 1.000 prebivalcev";"2004 Živorojeni - SKUPAJ";"2004 Živorojeni na 1.000 prebivalcev";"2005 Živorojeni - SKUPAJ";"2005 Živorojeni na 1.000 prebivalcev";"2006 Živorojeni - SKUPAJ";"2006 Živorojeni na 1.000 prebivalcev";"2007 Živorojeni - SKUPAJ";"2007 Živorojeni na 1.000 prebivalcev";"2008 Živorojeni - SKUPAJ";"2008 Živorojeni na 1.000 prebivalcev";"2009 Živorojeni - SKUPAJ";"2009 Živorojeni na 1.000 prebivalcev";"2010 Živorojeni - SKUPAJ";"2010 Živorojeni na 1.000 prebivalcev";"2011 Živorojeni - SKUPAJ";"2011 Živorojeni na 1.000 prebivalcev";"2012 Živorojeni - SKUPAJ";"2012 Živorojeni na 1.000 prebivalcev";"2013 Živorojeni - SKUPAJ";"2013 Živorojeni na 1.000 prebivalcev";"2014 Živorojeni - SKUPAJ";"2014 Živorojeni na 1.000 prebivalcev";"2015 Živorojeni - SKUPAJ";"2015 Živorojeni na 1.000 prebivalcev";"2016 Živorojeni - SKUPAJ";"2016 Živorojeni na 1.000 prebivalcev";"2017 Živorojeni - SKUPAJ";"2017 Živorojeni na 1.000 prebivalcev";"2018 Živorojeni - SKUPAJ";"2018 Živorojeni na 1.000 prebivalcev";"2019 Živorojeni - SKUPAJ";"2019 Živorojeni na 1.000 prebivalcev";"2020 Živorojeni - SKUPAJ";"2020 Živorojeni na 1.000 prebivalcev";"2021 Živorojeni - SKUPAJ";"2021 Živorojeni na 1.000 prebivalcev";"2022 Živorojeni - SKUPAJ";"2022 Živorojeni na 1.000 prebivalcev";"2023 Živorojeni - SKUPAJ";"2023 Živorojeni na 1.000 prebivalcev";"2024 Živorojeni - SKUPAJ";"2024 Živorojeni na 1.000 prebivalcev"
"SLOVENIJA";18980;-;18788;-;18165;9.1;17856;9.0;17533;8.8;18180;9.1;17477;8.8;17501;8.8;17321;8.7;17961;9.0;18157;9.1;18932;9.4;19823;9.8;21817;10.8;21856;10.7;22343;10.9;21947;10.7;21938;10.7;21111;10.3;21165;10.3;20641;10.0;20345;9.9;20241;9.8;19585;9.5;19328;9.3;18767;8.9;18984;9.0;17627;8.4;16989;8.0;16875;7.9
"Ajdovščina";165;-;164;-;168;9.4;173;9.7;149;8.4;186;10.4;151;8.4;162;9.0;187;10.3;182;10.0;177;9.7;181;9.9;195;10.5;218;11.7;224;11.9;261;13.8;240;12.7;271;14.3;235;12.4;233;12.3;222;11.7;244;12.8;203;10.6;226;11.8;214;11.1;230;11.7;215;10.9;204;10.4;187;9.4;204;10.2
"Ankaran/Ancarano";-;-;-;-;-;-;-;-;-;-;-;-;-;-;-;-;-;-;-;-;-;-;-;-;-;-;-;-;-;-;-;-;-;-;-;-;-;-;-;-;18;5.6;27;8.4;29;9.0;31;9.6;25;7.8;22;6.8;19;5.8;20;6.1;18;5.3;18;5.3
"Apače";-;-;-;-;-;-;-;-;-;-;-;-;-;-;-;-;-;-;-;-;-;-;-;-;27;7.3;27;7.4;43;11.9;30;8.3;40;11.0;40;11.1;41;11.3;35;9.7;34;9.5;16;4.5;32;9.0;26;7.4;34;9.6;23;6.5;23;6.5;27;7.6;25;7.0;29;8.1
"Beltinci";84;-;99;-;88;10.4;76;9.0;83;9.7;79;9.3;79;9.2;74;8.7;79;9.3;79;9.3;86;10.1;53;6.2;81;9.5;89;10.7;74;8.8;81;9.7;77;9.3;64;7.7;81;9.7;77;9.2;72;8.7;79;9.6;89;10.8;61;7.5;61;7.5;67;8.3;70;8.6;56;6.9;56;6.9;71;8.8
"Benedikt";-;-;-;-;-;-;-;-;30;14.6;20;9.5;25;11.7;24;11.2;19;8.8;28;12.9;22;10.1;29;13.1;26;11.5;32;13.6;30;12.7;22;9.2;29;11.9;20;8.2;27;10.9;22;8.9;27;11.0;27;10.8;26;10.4;45;17.6;27;10.4;27;10.3;29;10.9;31;11.5;20;7.3;21;7.6
"Bistrica ob Sotli";-;-;-;-;-;-;-;-;25;17.0;6;4.1;18;12.3;10;6.8;9;6.1;11;7.5;10;6.9;13;9.0;11;7.7;15;10.5;11;7.8;20;14.0;16;11.2;9;6.4;9;6.4;14;10.1;15;10.9;14;10.2;11;8.1;7;5.2;15;11.3;8;6.0;10;7.3;10;7.3;9;6.7;10;7.5
"Bled";94;-;108;-;100;9.1;98;8.9;109;9.8;88;7.9;73;6.6;103;9.3;91;8.2;114;10.3;96;8.6;130;11.7;79;9.6;69;8.5;96;11.8;97;12.0;101;12.4;86;10.5;102;12.4;90;11.0;85;10.5;65;8.1;66;8.3;66;8.4;59;7.5;70;8.8;57;6.9;64;7.8;54;6.6;62;7.6
"Bloke";-;-;-;-;-;-;-;-;14;9.0;10;6.4;12;7.6;13;8.1;12;7.4;9;5.5;13;8.0;8;4.8;16;9.7;15;9.4;18;11.5;19;12.1;18;11.4;21;13.2;20;12.6;16;10.3;19;12.5;14;9.1;17;11.1;15;9.8;17;10.8;22;13.7;12;7.5;12;7.6;17;10.9;17;10.8
"Bohinj";57;-;52;-;59;11.4;59;11.3;56;10.7;52;10.0;57;10.8;53;10.0;45;8.6;48;9.1;57;10.8;35;6.6;50;9.5;67;12.9;59;11.2;61;11.6;43;8.2;58;11.1;62;11.9;51;9.9;58;11.3;40;7.8;48;9.3;43;8.4;44;8.6;43;8.0;56;9.7;55;10.0;57;10.8;49;9.3
"Borovnica";42;-;52;-;34;9.2;30;8.0;39;10.3;37;9.8;30;7.9;25;6.6;40;10.5;36;9.5;50;13.0;46;11.8;40;10.2;39;10.0;37;9.4;59;14.8;58;14.5;48;12.0;59;14.5;55;13.1;65;15.2;53;12.3;55;12.5;55;12.4;54;11.9;68;14.7;41;8.8;33;7.1;47;10.0;35;7.4
"Bovec";22;-;18;-;22;6.6;22;6.6;21;6.1;22;6.4;17;5.0;29;8.6;22;6.6;23;7.0;27;8.2;23;7.0;26;7.8;27;8.5;32;10.0;32;9.8;30;9.3;27;8.4;19;6.0;24;7.6;22;7.0;23;7.4;12;3.9;23;7.5;20;6.5;19;6.0;19;5.9;15;4.8;31;10.2;22;7.3
"Braslovče";-;-;-;-;-;-;-;-;39;8.1;57;11.5;56;11.1;56;11.0;33;6.4;44;8.5;40;7.7;41;7.8;45;8.7;62;11.9;54;10.4;57;10.8;64;12.0;54;10.0;47;8.7;59;10.8;54;9.9;72;13.0;46;8.3;45;8.1;55;9.8;49;8.7;49;8.6;36;6.3;44;7.6;39;6.6
"Brda";55;-;55;-;53;9.2;45;7.8;52;9.0;64;11.0;47;8.1;42;7.2;28;4.8;48;8.3;48;8.3;40;7.0;56;9.7;58;10.2;59;10.4;52;9.0;56;9.7;59;10.2;46;8.0;56;9.8;55;9.7;55;9.7;52;9.2;49;8.7;56;9.9;57;10.2;50;8.9;44;7.8;43;7.7;44;7.9
"Brezovica";94;-;90;-;98;11.4;113;12.9;97;10.9;95;10.5;87;9.4;83;8.8;82;8.5;96;9.8;96;9.7;116;11.6;109;10.7;142;13.6;137;12.8;145;13.2;147;13.1;145;12.6;140;12.0;131;11.1;141;11.8;132;11.0;126;10.4;130;10.5;104;8.3;128;10.0;130;10.1;97;7.6;112;8.6;91;7.0
"Brežice";195;-;185;-;239;9.8;200;8.1;205;8.3;209;8.5;186;7.6;219;8.9;179;7.3;192;7.8;185;7.6;204;8.3;179;7.3;236;9.7;186;7.6;234;9.6;219;9.0;229;9.4;228;9.4;210;8.7;220;9.1;201;8.3;223;9.2;204;8.5;201;8.3;197;8.1;211;8.7;183;7.5;206;8.4;175;7.2
"Cankova";-;-;-;-;-;-;-;-;18;8.5;11;5.2;18;8.6;22;10.5;16;7.7;4;2.0;15;7.4;14;7.0;9;4.5;21;10.8;15;7.9;10;5.3;20;10.5;18;9.5;16;8.5;12;6.5;10;5.5;14;7.8;12;6.7;8;4.6;13;7.5;19;10.9;22;12.5;14;8.0;21;11.9;14;7.9
"Celje";413;-;421;-;408;8.2;429;8.7;395;7.9;399;8.0;376;7.6;355;7.2;378;7.7;412;8.5;429;8.8;439;9.0;479;9.7;502;10.3;496;10.1;534;10.9;503;10.4;526;10.8;506;10.4;508;10.4;495;10.1;463;9.4;408;8.3;431;8.7;383;7.7;383;7.8;388;7.9;401;8.2;390;7.9;389;7.9
"Cerklje na Gorenjskem";77;-;94;-;88;14.5;65;10.5;77;12.3;74;11.8;83;13.1;67;10.5;67;10.4;70;10.8;83;12.7;79;11.8;72;10.7;90;13.2;88;12.7;79;11.2;88;12.4;95;13.1;87;11.9;82;11.1;82;11.1;87;11.6;75;9.9;64;8.4;86;11.2;78;10.0;83;10.5;79;10.0;67;8.6;83;10.5
"Cerknica";105;-;109;-;107;10.5;93;9.1;103;10.0;91;8.8;91;8.7;81;7.7;111;10.5;108;10.1;99;9.2;102;9.4;115;10.5;134;12.2;104;9.3;109;9.7;133;11.8;123;10.8;123;10.9;135;11.9;109;9.5;126;11.0;104;9.0;115;10.0;102;8.8;107;9.2;125;10.7;114;9.8;92;7.8;100;8.4
"Cerkno";67;-;52;-;47;9.0;46;8.9;43;8.3;46;8.9;55;10.7;29;5.7;39;7.7;41;8.1;42;8.3;52;10.3;51;10.2;53;11.0;55;11.5;50;10.4;46;9.6;51;10.6;46;9.6;47;10.0;44;9.4;43;9.3;49;10.7;57;12.4;45;9.8;38;8.3;49;10.8;43;9.5;31;6.9;33;7.4
"Cerkvenjak";-;-;-;-;-;-;-;-;20;9.4;21;9.8;29;13.6;23;10.8;13;6.1;20;9.4;20;9.5;16;7.6;13;6.1;16;7.8;21;10.3;19;9.3;23;11.5;24;11.8;22;11.0;22;10.8;23;11.2;28;13.7;20;9.7;27;13.2;19;9.1;20;9.2;21;9.8;23;10.4;21;9.5;18;8.0
"Cirkulane";-;-;-;-;-;-;-;-;-;-;-;-;-;-;-;-;-;-;-;-;-;-;-;-;26;11.1;19;8.3;22;9.6;16;7.0;18;7.8;26;11.3;24;10.4;21;9.0;14;6.1;20;8.7;16;6.9;19;8.1;11;4.7;19;8.0;15;6.3;12;5.1;14;5.9;17;7.1
"Črenšovci";67;-;57;-;50;8.3;50;8.3;49;11.1;47;10.7;34;7.7;39;8.9;50;11.4;45;10.3;47;10.8;37;8.5;42;9.7;45;10.7;38;9.1;47;11.3;38;9.2;35;8.5;43;10.7;47;11.7;27;6.8;30;7.5;45;11.4;31;7.8;30;7.6;30;7.5;30;7.5;36;9.1;37;9.4;22;5.6
"Črna na Koroškem";47;-;29;-;21;5.5;29;7.7;32;8.6;30;8.1;40;10.9;32;8.7;24;6.5;39;10.6;25;6.8;25;7.0;27;7.6;35;9.5;31;8.5;25;7.0;13;3.7;30;8.6;30;8.7;29;8.6;25;7.5;19;5.7;32;9.6;30;9.1;35;10.7;29;8.9;32;9.9;25;7.8;18;5.7;37;12.3
"Črnomelj";158;-;136;-;142;9.5;128;8.6;120;8.0;120;8.0;149;10.0;115;7.7;107;7.2;122;8.3;147;10.0;117;7.9;158;10.7;154;10.5;157;10.7;150;10.2;148;10.0;147;10.0;146;10.0;134;9.2;126;8.7;143;9.9;130;9.1;132;9.2;142;9.9;138;9.6;144;10.0;123;8.7;120;8.4;111;7.8
"Destrnik";62;-;66;-;47;9.4;55;10.9;22;8.7;18;7.1;30;11.8;24;9.4;23;8.8;24;9.1;25;9.5;17;6.4;33;12.3;26;9.7;27;10.0;28;10.6;26;9.8;26;10.0;30;11.5;20;7.8;32;12.5;19;7.5;17;6.7;32;12.4;22;8.4;18;6.8;24;9.1;18;6.8;19;7.1;21;7.7
"Divača";27;-;23;-;25;6.5;19;5.0;27;7.1;21;5.4;22;5.7;21;5.4;22;5.6;21;5.4;18;4.7;38;9.8;23;5.9;45;11.7;41;10.6;41;10.5;20;5.1;32;8.2;40;10.1;37;9.4;37;9.4;37;9.3;39;9.6;39;9.5;39;9.3;34;8.0;34;7.9;45;10.2;28;6.2;37;8.2
"Dobje";-;-;-;-;-;-;-;-;8;7.8;6;5.9;12;11.8;15;14.8;7;7.0;16;15.8;11;10.9;15;14.8;7;7.0;10;10.4;7;7.3;12;12.4;12;12.3;15;15.4;15;15.4;13;13.3;10;10.2;12;12.2;6;6.2;17;17.7;10;10.4;7;7.4;16;16.9;11;11.6;17;17.5;7;7.2
"Dobrepolje";45;-;33;-;49;14.1;31;8.8;43;12.2;45;12.7;31;8.7;37;10.4;39;10.8;45;12.3;41;11.2;40;10.8;38;10.2;49;13.0;40;10.4;45;11.6;54;13.8;36;9.1;40;10.1;36;9.2;32;8.2;41;10.5;41;10.5;34;8.8;43;11.2;34;8.7;37;9.5;25;6.4;35;8.8;25;6.3
"Dobrna";-;-;-;-;-;-;-;-;16;7.7;22;10.6;20;9.5;21;9.9;16;7.6;14;6.6;23;10.9;18;8.6;19;9.0;21;9.7;28;12.9;21;9.5;20;9.1;28;12.8;26;11.9;18;8.2;26;11.9;26;11.7;18;8.1;24;10.8;28;12.5;26;11.6;29;12.8;18;7.8;22;9.5;15;6.5
"Dobrova - Polhov Gradec";102;-;121;-;119;13.6;121;13.7;72;11.4;71;11.0;74;11.3;80;12.0;88;13.1;92;13.5;75;10.9;70;10.0;85;12.0;105;14.7;101;13.9;101;13.8;99;13.4;86;11.5;93;12.3;100;13.3;87;11.4;82;10.8;82;10.7;70;9.2;82;10.6;73;9.3;83;10.6;86;10.9;75;9.4;80;9.9
"Dobrovnik/Dobronak";-;-;-;-;-;-;-;-;9;6.3;14;9.9;11;7.9;11;7.9;13;9.4;12;8.6;11;8.0;14;10.1;11;8.0;12;8.8;14;10.5;13;9.8;11;8.2;14;10.5;7;5.4;13;10.1;13;10.2;13;10.3;9;7.0;15;11.6;14;10.9;15;11.8;8;6.2;10;7.9;4;3.2;4;3.2
"Dol pri Ljubljani";34;-;31;-;43;10.7;39;9.6;48;11.6;51;12.1;33;7.6;51;11.7;37;8.4;57;12.6;44;9.4;69;14.4;65;13.0;87;16.8;73;13.8;64;11.9;90;16.3;88;15.7;62;10.8;83;14.3;80;13.5;60;10.1;59;9.9;71;11.6;57;9.1;58;9.2;68;10.7;54;8.5;54;8.4;45;7.0
"Dolenjske Toplice";-;-;-;-;-;-;-;-;22;6.7;36;10.9;32;9.7;33;9.8;21;6.3;31;9.2;37;10.8;41;12.0;31;9.0;40;11.7;33;9.7;34;10.0;42;12.4;35;10.3;32;9.4;32;9.4;35;10.3;37;10.8;41;11.9;28;8.1;36;10.2;26;7.3;32;9.0;26;7.3;33;9.2;36;9.9
"Domžale";381;-;341;-;339;10.7;328;10.3;312;10.7;284;9.6;302;10.2;329;11.0;328;10.8;335;10.9;357;11.4;361;11.3;398;12.3;430;13.1;409;12.2;393;11.6;399;11.7;401;11.7;358;10.3;387;11.1;347;9.9;386;10.9;349;9.8;383;10.7;384;10.5;350;9.6;380;10.3;342;9.2;336;8.9;346;9.1
"Dornava";18;-;22;-;24;9.1;32;12.1;26;9.8;22;8.2;17;6.4;24;9.0;30;11.3;23;8.7;22;8.2;21;7.8;30;11.2;27;9.2;27;9.2;31;10.6;28;9.5;23;7.8;26;8.9;31;10.7;20;6.9;26;9.0;24;8.3;27;9.3;22;7.6;13;4.5;21;7.3;24;8.3;21;7.2;20;6.9
"Dravograd";81;-;91;-;80;9.2;91;10.5;85;9.8;88;10.1;71;8.1;75;8.6;69;7.9;92;10.5;75;8.6;98;11.1;102;11.5;112;12.4;101;11.1;100;11.0;109;12.0;90;9.9;98;11.0;97;10.9;93;10.5;89;10.0;88;9.9;85;9.7;84;9.5;71;8.0;94;10.6;79;8.9;59;6.7;69;7.9
"Duplek";53;-;48;-;55;9.5;50;8.6;52;8.9;48;8.2;42;7.0;53;8.8;44;7.2;55;9.0;53;8.6;56;8.9;49;7.7;68;10.5;72;10.9;89;13.4;65;9.7;76;11.3;76;11.2;61;9.0;65;9.6;53;7.8;78;11.4;66;9.6;79;11.4;52;7.5;45;6.4;54;7.7;37;5.2;47;6.7
"Gorenja vas - Poljane";88;-;99;-;95;14.5;98;14.9;96;14.2;96;14.1;101;14.7;98;14.1;77;11.1;89;12.7;89;12.7;99;14.0;107;15.0;119;16.7;110;15.3;126;17.3;106;14.6;116;15.9;110;15.0;119;16.2;103;13.8;109;14.6;102;13.6;98;13.0;107;14.2;95;12.4;96;12.5;96;12.6;95;12.4;77;10.0
"Gorišnica";65;-;59;-;57;9.6;48;8.1;57;9.5;71;11.8;64;10.6;58;9.5;49;8.0;49;7.9;60;9.7;51;8.2;39;10.0;41;10.5;40;10.0;44;10.9;39;9.7;33;8.2;38;9.4;48;12.1;41;10.3;43;10.8;47;11.8;31;7.6;44;10.7;34;8.2;34;8.1;33;7.9;35;8.4;26;6.2
"Gorje";-;-;-;-;-;-;-;-;-;-;-;-;-;-;-;-;-;-;-;-;-;-;-;-;26;9.0;38;13.2;23;8.0;38;13.0;31;10.6;29;10.1;29;10.1;28;9.9;29;10.4;32;11.3;25;8.9;24;8.6;18;6.5;21;7.6;32;11.4;30;10.8;21;7.6;20;7.3
"Gornja Radgona";128;-;108;-;120;9.4;117;9.2;108;8.5;115;9.1;101;8.1;85;6.8;118;9.4;98;7.9;106;8.5;91;7.4;65;7.5;76;8.8;76;8.8;78;9.1;72;8.3;73;8.5;81;9.5;62;7.3;80;9.4;68;8.0;83;9.8;72;8.6;76;9.0;61;7.2;63;7.4;57;6.7;54;6.4;59;6.9
"Gornji Grad";31;-;33;-;23;8.6;24;9.1;31;11.8;27;10.3;27;10.3;29;10.9;20;7.6;31;11.8;17;6.5;28;10.8;31;12.0;23;8.7;30;11.3;25;9.4;28;10.5;33;12.4;22;8.4;18;6.9;21;8.2;27;10.6;20;7.9;19;7.5;21;8.4;20;8.0;21;8.4;16;6.3;21;8.1;21;8.1
"Gornji Petrovci";15;-;27;-;15;6.1;17;7.0;17;7.1;19;7.9;17;7.3;15;6.5;13;5.6;20;8.7;12;5.2;15;6.6;20;8.8;12;5.4;16;7.2;15;6.9;17;7.8;22;10.3;23;10.8;16;7.6;13;6.3;13;6.4;15;7.3;13;6.5;15;7.5;11;5.5;18;9.0;9;4.5;13;6.5;8;4.0
"Grad";-;-;-;-;-;-;-;-;19;7.2;17;6.5;22;9.1;15;6.3;17;7.1;9;3.8;14;5.9;17;7.2;13;5.5;15;6.6;17;7.5;21;9.3;14;6.2;24;10.9;18;8.1;21;9.6;20;9.2;15;7.0;17;8.1;18;8.6;14;6.8;11;5.4;10;4.8;12;5.9;15;7.5;16;8.0
"Grosuplje";166;-;158;-;152;10.4;163;10.9;177;11.7;188;12.2;173;11.1;163;10.3;188;11.6;165;10.0;168;9.9;230;13.3;239;13.4;274;14.9;254;13.5;250;13.1;278;14.4;226;11.5;241;12.2;251;12.6;247;12.3;246;12.2;238;11.6;223;10.7;220;10.3;212;9.9;213;10.0;216;10.1;200;9.2;220;10.0
"Hajdina";-;-;-;-;-;-;-;-;31;8.5;26;7.1;33;9.0;29;7.9;28;7.6;34;9.3;25;6.8;35;9.4;35;9.3;31;8.3;29;7.8;42;11.3;35;9.4;42;11.2;43;11.5;40;10.6;40;10.7;28;7.5;35;9.4;37;9.8;43;11.2;27;6.9;33;8.5;33;8.5;29;7.3;24;6.0
"Hoče - Slivnica";-;-;-;-;-;-;-;-;80;8.4;71;7.4;77;7.9;72;7.4;68;6.9;72;7.3;82;8.1;106;10.3;68;6.4;122;11.4;105;9.7;120;11.0;91;8.3;104;9.4;113;10.1;103;9.1;104;9.3;96;8.5;94;8.3;92;8.0;100;8.4;85;7.3;104;8.8;78;6.6;90;7.6;79;6.6
"Hodoš/Hodos";-;-;-;-;-;-;-;-;2;5.4;2;5.1;6;16.3;2;5.6;0;0.0;6;17.8;1;2.9;3;8.9;1;2.9;3;9.2;0;0.0;4;12.8;0;0.0;2;5.2;4;11.0;8;21.5;1;2.7;1;2.7;2;5.5;7;19.5;1;2.8;2;5.6;1;2.8;3;8.2;3;8.3;1;2.9
"Horjul";-;-;-;-;-;-;-;-;25;9.7;43;16.4;44;16.6;29;10.9;33;12.5;40;15.0;24;9.0;33;12.3;35;12.8;37;13.1;34;11.8;36;12.5;37;12.9;46;15.9;33;11.3;34;11.5;42;14.3;42;14.1;39;13.0;34;11.3;38;12.5;38;12.6;34;11.3;34;11.3;25;8.3;20;6.5
"Hrastnik";77;-;74;-;78;7.2;84;7.8;71;6.6;84;7.9;81;7.7;81;7.7;70;6.7;86;8.3;80;7.7;76;7.4;100;9.7;87;8.6;96;9.5;78;7.8;85;8.5;78;7.9;82;8.5;84;8.8;76;8.1;70;7.5;81;8.8;73;7.9;66;7.2;64;7.0;60;6.7;51;5.7;51;5.7;53;6.0
"Hrpelje - Kozina";38;-;33;-;29;7.0;17;4.1;34;8.2;38;9.2;30;7.2;31;7.4;30;7.2;38;9.3;29;7.1;32;7.8;27;6.6;46;11.4;43;10.3;40;9.6;49;11.5;39;9.1;43;10.1;47;11.0;42;9.6;47;10.8;47;10.7;35;7.9;42;9.3;42;9.0;47;9.6;39;7.8;53;10.2;55;10.4
"Idrija";122;-;122;-;109;9.0;112;9.3;103;8.6;105;8.8;124;10.4;103;8.6;94;7.9;119;10.0;102;8.5;95;8.0;115;9.6;125;10.5;139;11.7;115;9.6;157;13.1;113;9.4;148;12.3;127;10.6;116;9.7;89;7.5;101;8.6;81;6.9;96;8.1;85;7.2;105;9.0;79;6.7;75;6.4;104;8.9
"Ig";47;-;48;-;38;7.8;38;7.6;50;9.7;55;10.4;47;8.8;46;8.4;47;8.5;52;9.2;61;10.5;76;13.0;71;11.8;87;13.8;81;12.4;83;12.3;72;10.5;92;13.2;84;12.0;76;10.7;66;9.3;86;11.9;90;12.3;72;9.7;73;9.6;71;9.3;71;9.2;54;7.0;57;7.3;69;8.8
"Ilirska Bistrica";108;-;103;-;93;6.4;107;7.4;106;7.3;104;7.2;115;8.0;93;6.5;94;6.6;113;8.0;148;10.5;121;8.5;117;8.3;119;8.5;127;9.1;133;9.6;136;9.8;120;8.7;144;10.4;126;9.1;115;8.4;119;8.8;127;9.5;98;7.4;110;8.3;97;7.3;123;9.2;88;6.6;85;6.4;73;5.5
"Ivančna Gorica";159;-;162;-;147;11.5;144;11.1;115;8.8;169;12.7;135;10.0;129;9.4;127;9.2;155;11.1;152;10.8;148;10.4;160;11.0;214;14.5;200;13.2;205;13.4;222;14.2;193;12.2;208;13.1;226;14.1;204;12.6;223;13.7;207;12.6;219;13.2;186;11.0;216;12.5;207;11.8;196;11.1;202;11.2;174;9.6
"Izola/Isola";123;-;105;-;96;6.7;115;8.0;96;6.6;120;8.3;102;7.0;102;6.9;125;8.4;137;9.1;131;8.7;125;8.2;162;10.4;187;11.9;201;12.5;212;13.4;142;8.9;170;10.7;153;9.6;164;10.4;163;10.3;150;9.4;126;7.9;176;10.9;134;8.2;133;8.0;145;8.7;119;7.2;98;6.0;95;5.8
"Jesenice";218;-;258;-;240;9.2;207;7.9;195;8.8;207;9.4;195;8.9;203;9.2;200;9.1;232;10.6;191;8.7;208;9.5;224;10.2;217;10.0;223;10.2;229;10.6;208;9.6;216;10.1;208;9.8;207;9.8;183;8.7;210;10.1;205;9.9;193;9.3;210;9.9;184;8.6;181;8.4;197;9.1;196;8.9;180;8.2
"Jezersko";-;-;-;-;-;-;-;-;5;7.3;10;14.8;6;8.9;10;14.9;5;7.3;8;11.6;8;11.6;7;10.0;5;7.2;6;8.9;7;10.5;10;14.9;6;9.1;5;7.9;12;18.8;6;9.3;9;14.2;9;14.6;8;12.8;5;8.0;8;12.6;8;12.4;11;16.3;8;12.2;6;9.2;12;18.0
"Juršinci";27;-;11;-;25;10.6;22;9.3;19;8.1;15;6.4;25;10.7;20;8.5;14;6.0;17;7.3;23;9.9;21;9.0;28;12.0;24;10.1;29;12.4;36;15.5;21;8.9;24;10.0;28;11.8;23;9.6;22;9.3;27;11.4;27;11.3;16;6.8;33;13.9;12;5.0;27;11.0;22;8.8;22;9.0;11;4.5
"Kamnik";322;-;320;-;267;8.9;321;10.7;241;9.3;300;11.4;256;9.7;280;10.5;279;10.4;279;10.4;287;10.6;328;11.9;330;11.8;388;13.6;404;14.0;395;13.6;405;14.0;379;13.0;358;12.2;355;12.1;308;10.5;288;9.8;330;11.2;322;10.9;304;10.2;280;9.4;294;9.8;260;8.7;236;7.8;235;7.8
"Kanal";30;-;50;-;59;9.3;65;10.3;47;7.4;55;8.6;58;9.2;50;8.0;56;9.1;55;9.0;43;7.0;36;5.9;50;8.4;59;10.1;69;11.8;63;10.9;53;9.3;51;9.0;54;9.6;50;9.0;31;5.7;33;6.1;37;6.9;40;7.5;40;7.5;48;9.1;49;9.4;32;6.1;37;7.2;38;7.5
"Kidričevo";55;-;59;-;61;9.1;60;9.0;66;9.7;50;7.4;45;6.6;41;6.0;49;7.3;56;8.3;56;8.4;54;8.0;55;8.2;69;10.4;69;10.3;65;9.7;62;9.3;67;10.1;61;9.2;58;8.9;60;9.3;61;9.5;61;9.5;80;12.3;57;8.8;70;10.7;63;9.6;50;7.6;45;6.8;60;9.0
"Kobarid";40;-;38;-;37;7.9;35;7.6;40;8.7;49;10.7;35;7.6;39;8.5;32;7.1;32;7.1;29;6.4;30;6.7;28;6.3;35;8.3;42;10.0;43;10.2;47;11.3;48;11.4;53;12.6;34;8.2;39;9.4;31;7.5;37;9.0;31;7.6;23;5.6;26;6.4;21;5.2;31;7.7;29;7.2;28;6.9
"Kobilje";4;-;5;-;4;6.3;5;7.8;6;9.5;6;9.6;4;6.5;7;11.0;4;6.3;6;9.5;6;9.5;4;6.3;4;6.4;3;4.9;5;8.2;11;18.0;5;7.9;3;5.0;12;20.5;3;5.1;7;12.0;3;5.3;6;10.7;3;5.5;5;9.2;4;7.4;3;5.6;1;1.9;6;11.6;6;11.7
"Kočevje";157;-;153;-;139;8.0;138;7.9;136;8.1;144;8.6;141;8.4;148;8.9;137;8.2;150;9.0;151;9.0;132;7.8;159;9.4;173;10.4;132;7.9;197;11.9;195;11.8;184;11.2;159;9.8;174;10.8;158;9.8;146;9.1;171;10.8;132;8.4;137;8.7;145;9.2;136;8.7;115;7.3;122;7.8;100;6.4
"Komen";17;-;34;-;39;10.7;33;9.1;25;6.9;32;8.9;31;8.6;25;6.9;21;5.8;34;9.4;35;9.8;30;8.5;36;10.1;37;10.6;27;7.7;39;11.0;33;9.3;49;13.8;48;13.5;36;10.2;22;6.3;32;9.0;25;7.1;26;7.4;34;9.6;23;6.5;25;6.9;20;5.5;13;3.7;24;6.9
"Komenda";-;-;-;-;-;-;-;-;45;10.4;50;11.5;64;14.5;52;11.6;47;10.4;52;11.4;69;14.8;66;13.9;77;16.0;71;14.3;92;17.6;98;18.2;106;18.9;86;15.0;73;12.5;93;15.8;90;15.1;87;14.4;88;14.4;68;10.9;68;10.7;76;11.8;60;9.3;68;10.4;53;7.9;57;8.5
"Koper/Capodistria";375;-;384;-;328;6.9;393;8.3;350;7.3;349;7.2;369;7.6;377;7.8;390;8.0;410;8.4;408;8.3;409;8.2;480;9.6;499;9.8;548;10.6;534;10.2;541;10.2;564;10.6;511;9.5;549;10.1;492;9.6;480;9.4;453;8.8;457;8.8;421;8.0;437;8.3;394;7.4;372;6.9;358;6.6;351;6.5
"Kostanjevica na Krki";-;-;-;-;-;-;-;-;-;-;-;-;-;-;-;-;-;-;-;-;-;-;-;-;15;6.1;30;12.4;26;10.8;23;9.5;31;12.9;32;13.2;20;8.3;30;12.4;20;8.2;24;9.9;27;11.1;25;10.3;18;7.4;21;8.6;24;9.8;15;6.1;17;6.9;10;4.1
"Kostel";-;-;-;-;-;-;-;-;4;5.9;4;6.0;4;5.9;6;8.8;5;7.3;9;13.0;6;8.6;3;4.4;10;14.6;3;4.6;1;1.5;6;9.1;1;1.5;5;7.8;3;4.6;6;9.3;5;7.8;1;1.6;4;6.3;6;9.3;6;9.3;5;7.4;4;5.8;0;0.0;6;9.7;2;3.2
"Kozje";33;-;23;-;41;11.5;30;8.6;34;9.8;28;8.0;34;9.8;20;5.8;39;11.5;22;6.5;28;8.4;31;9.3;26;7.8;28;8.5;22;6.8;35;10.8;26;8.0;31;9.7;24;7.6;29;9.3;23;7.5;25;8.1;39;12.7;27;8.9;30;9.8;28;9.3;28;9.2;29;9.6;28;9.3;15;5.0
"Kranj";465;-;480;-;449;8.6;482;9.3;492;9.4;454;8.7;465;9.0;474;9.2;472;8.9;498;9.4;505;9.6;555;10.4;560;10.5;616;11.5;637;11.7;671;12.2;662;12.0;628;11.3;651;11.7;613;11.0;654;11.7;593;10.6;589;10.5;559;10.0;564;9.9;557;9.7;500;8.8;498;8.8;471;8.3;436;7.6
"Kranjska Gora";42;-;46;-;38;7.0;50;9.2;34;6.3;22;4.1;45;8.3;45;8.3;48;8.9;38;7.1;48;8.9;42;7.8;62;11.5;51;9.6;53;10.0;53;10.0;41;7.7;33;6.2;38;7.2;43;8.0;41;7.7;44;8.3;41;7.8;44;8.4;38;7.3;39;7.0;42;5.3;30;4.2;32;6.1;34;6.6
"Križevci";-;-;-;-;-;-;-;-;28;7.9;36;10.1;33;9.3;29;8.2;43;12.0;36;10.1;22;6.2;32;9.0;27;7.6;32;8.5;33;8.8;36;9.6;36;9.5;38;10.1;27;7.2;22;5.9;25;6.8;29;8.0;26;7.2;27;7.6;30;8.5;19;5.4;25;7.1;38;10.7;26;7.3;20;5.7
"Krško";285;-;278;-;262;9.3;219;7.8;262;9.4;258;9.2;278;10.0;257;9.2;237;8.4;250;8.9;249;8.9;304;10.8;252;9.8;261;10.2;284;11.0;296;11.5;307;11.9;300;11.5;305;11.7;277;10.7;306;11.8;310;11.9;280;10.9;270;10.4;288;11.0;257;9.9;257;10.0;242;9.3;232;8.9;282;10.8
"Kungota";43;-;47;-;34;8.0;31;7.2;34;8.0;39;9.0;32;7.4;42;9.6;39;8.8;49;10.8;37;8.1;39;8.4;48;10.2;45;9.6;29;6.2;54;11.4;41;8.6;46;9.6;38;7.9;42;8.8;46;9.6;35;7.4;32;6.7;32;6.8;32;6.8;39;8.1;29;6.0;34;6.9;41;8.2;37;7.3
"Kuzma";40;-;39;-;35;8.3;32;7.6;20;11.9;15;8.9;15;9.0;11;6.6;17;10.3;10;6.1;18;11.0;10;6.1;23;14.3;12;7.6;7;4.5;12;7.5;20;12.5;20;12.7;16;10.1;21;13.1;14;8.8;14;8.8;24;15.4;11;7.0;15;9.5;18;11.4;13;7.8;15;9.2;10;6.1;13;7.9
"Laško";124;-;120;-;145;10.3;121;8.6;119;8.5;126;9.1;130;9.4;144;10.4;120;8.6;105;7.6;118;8.6;113;8.2;147;10.7;138;10.0;124;9.0;142;10.4;141;10.4;140;10.4;131;9.8;112;8.4;108;8.1;136;10.3;112;8.5;114;8.8;111;8.5;120;9.2;114;8.7;112;8.6;112;8.6;97;7.4
"Lenart";220;-;204;-;171;9.7;167;9.4;121;10.7;117;10.3;116;10.2;112;9.7;111;9.6;112;9.7;105;9.1;96;8.3;74;10.1;84;10.8;70;8.8;63;7.8;84;10.3;101;12.4;84;10.3;86;10.4;72;8.8;89;10.8;80;9.7;60;7.2;83;9.8;67;7.9;78;9.2;75;8.7;66;7.7;66;7.7
"Lendava/Lendva";110;-;136;-;103;7.7;80;6.0;79;6.7;86;7.3;76;6.5;79;6.8;75;6.5;67;5.8;76;6.6;84;7.4;78;6.8;78;6.9;83;7.4;72;6.5;76;6.9;87;8.0;80;7.5;78;7.4;77;7.3;74;7.0;97;9.3;91;8.7;79;7.5;87;8.3;83;8.0;82;8.0;73;7.2;60;5.9
"Litija";212;-;211;-;201;10.6;211;11.1;191;10.0;196;10.2;187;9.6;184;9.4;124;8.6;99;6.8;155;10.7;154;10.6;156;10.7;189;13.1;184;12.6;174;11.7;200;13.4;156;10.4;170;11.3;162;10.8;171;11.4;188;12.4;158;10.3;129;8.4;129;8.4;150;9.6;135;8.6;133;8.5;144;9.1;148;9.3
"Ljubljana";2372;-;2265;-;2331;8.5;2208;8.1;2160;8.0;2317;8.5;2132;7.9;2192;8.1;2198;8.2;2343;8.8;2424;9.1;2518;9.4;2664;9.9;2950;10.8;2963;10.6;3182;11.4;2971;10.6;3084;11.0;2982;10.5;2891;10.1;2903;10.1;2797;9.7;2827;9.8;2726;9.4;2667;9.1;2663;9.1;2630;9.0;2387;8.1;2232;7.5;2345;7.9
"Ljubno";28;-;28;-;32;11.7;32;11.7;29;10.7;42;15.3;29;10.6;21;7.7;22;8.1;14;5.2;22;8.2;31;11.5;23;8.5;36;13.6;35;13.2;27;10.1;25;9.4;32;12.0;25;9.5;25;9.5;26;10.0;30;11.6;26;10.1;37;14.5;31;12.2;26;10.1;22;8.6;31;12.3;17;6.7;24;9.6
"Ljutomer";179;-;174;-;170;9.1;171;9.2;100;8.2;112;9.2;103;8.4;89;7.3;110;9.0;118;9.7;106;8.7;111;9.2;94;7.8;135;11.3;136;11.5;114;9.7;116;9.9;95;8.1;92;7.9;95;8.2;104;9.0;86;7.5;94;8.3;82;7.2;101;9.0;73;6.5;94;8.4;74;6.7;67;6.1;68;6.2
"Log - Dragomer";-;-;-;-;-;-;-;-;-;-;-;-;-;-;-;-;-;-;-;-;-;-;-;-;42;12.0;39;11.2;50;14.1;47;13.1;40;11.0;37;10.2;28;7.6;36;10.0;37;10.2;36;10.0;40;10.9;34;9.2;26;7.1;33;9.1;41;11.2;31;8.3;34;9.0;36;9.4
"Logatec";135;-;127;-;124;11.8;145;13.6;130;11.9;134;12.1;108;9.7;133;11.7;105;9.2;112;9.7;130;11.1;149;12.4;177;14.4;171;13.5;184;14.2;192;14.6;168;12.6;201;14.8;180;13.1;179;13.0;155;11.3;179;13.0;197;14.2;161;11.5;155;10.9;158;10.9;152;10.3;160;10.8;147;9.8;126;8.4
"Loška dolina";54;-;74;-;55;10.4;46;8.8;42;11.3;46;12.3;46;12.2;31;8.2;40;10.5;30;7.9;35;9.1;46;11.8;42;10.7;30;7.8;52;13.2;46;11.7;44;11.3;43;11.1;31;8.0;33;8.5;39;10.1;23;6.0;28;7.3;38;10.2;28;7.4;24;6.4;32;8.6;25;6.9;23;6.5;22;6.3
"Loški Potok";26;-;23;-;11;5.2;16;7.7;26;12.5;23;11.1;18;8.7;19;9.2;23;11.2;14;6.8;14;6.9;20;9.8;22;10.8;16;8.1;20;9.9;13;6.5;19;9.6;21;10.8;20;10.3;11;5.8;17;9.1;21;11.3;23;12.4;15;8.2;20;11.0;15;8.3;21;11.7;16;9.1;23;12.8;16;8.8
"Lovrenc na Pohorju";-;-;-;-;-;-;-;-;28;8.8;30;9.5;36;11.4;43;13.7;22;7.0;29;9.2;27;8.6;24;7.6;26;8.2;34;10.8;25;8.0;39;12.5;27;8.7;22;7.0;27;8.7;32;10.3;31;10.0;18;5.8;27;8.9;29;9.7;22;7.4;27;9.1;27;9.1;13;4.4;18;6.1;19;6.4
"Luče";36;-;18;-;18;8.2;20;9.2;19;11.7;23;14.2;12;7.5;18;11.3;19;11.9;22;13.8;18;11.2;17;10.6;14;8.8;9;5.7;18;11.7;13;8.4;11;7.1;15;9.9;17;11.2;18;12.1;13;8.7;17;11.4;16;10.8;16;10.8;18;12.4;7;4.8;8;5.4;12;8.2;14;9.8;12;8.4
"Lukovica";50;-;62;-;57;12.3;59;12.6;62;13.0;55;11.4;65;13.4;43;8.6;51;10.0;52;10.2;48;9.5;54;10.6;66;12.5;89;16.8;73;13.5;69;12.7;78;14.3;76;13.8;69;12.4;77;13.6;83;14.6;72;12.5;63;10.9;64;11.0;53;9.0;68;11.5;61;10.3;71;11.8;65;10.7;54;8.7
"Majšperk";48;-;50;-;46;8.4;47;8.6;39;9.5;38;9.2;36;8.7;39;9.4;38;9.2;31;7.5;43;10.4;40;9.7;36;8.7;42;10.3;41;10.0;37;9.0;48;11.8;45;11.2;34;8.6;44;11.2;31;7.8;38;9.5;34;8.5;33;8.2;39;9.6;33;8.2;40;9.9;27;6.8;27;6.8;23;5.7
"Makole";-;-;-;-;-;-;-;-;-;-;-;-;-;-;-;-;-;-;-;-;-;-;-;-;12;5.7;16;7.8;28;13.5;19;9.1;20;9.6;25;12.2;15;7.5;22;10.9;24;11.8;16;7.8;16;7.9;16;7.9;16;7.9;20;9.8;18;8.9;13;6.4;15;7.3;21;10.3
"Maribor";1034;-;1111;-;1003;7.6;944;7.2;782;6.8;856;7.4;806;7.0;848;7.4;867;7.7;792;7.1;904;8.1;881;7.9;828;7.5;1013;9.1;975;8.7;965;8.6;970;8.7;917;8.3;918;8.3;963;8.6;943;8.4;1005;9.1;942;8.5;904;8.2;929;8.3;860;7.7;908;8.0;805;7.2;822;7.3;801;7.1
"Markovci";-;-;-;-;-;-;-;-;27;6.8;41;10.3;26;6.6;28;7.0;42;10.5;33;8.2;37;9.2;34;8.4;40;10.0;32;8.0;31;7.8;47;11.8;44;11.1;45;11.2;51;12.6;45;11.3;58;14.5;46;11.4;41;10.2;50;12.5;44;11.0;39;9.7;31;7.7;45;11.0;27;6.6;31;7.6
"Medvode";149;-;129;-;133;9.8;119;8.6;121;8.7;140;10.0;119;8.4;135;9.3;128;9.0;138;9.6;144;9.9;152;10.3;156;10.5;160;10.7;191;12.5;197;12.7;169;10.8;198;12.6;178;11.2;142;8.9;161;10.1;156;9.7;174;10.6;168;10.2;157;9.4;168;10.0;156;9.3;152;9.0;128;7.5;138;8.0
"Mengeš";93;-;72;-;59;9.0;67;10.2;59;9.0;87;13.2;64;9.6;84;12.5;58;8.6;77;11.4;73;10.7;98;14.4;78;11.3;108;15.0;92;12.5;92;12.5;85;11.5;85;11.5;77;10.2;110;14.6;81;10.6;71;9.2;81;10.3;92;11.5;86;10.6;89;10.6;83;9.8;94;11.1;60;6.9;66;7.6
"Metlika";90;-;87;-;110;13.6;90;11.0;75;9.1;80;9.7;90;10.9;71;8.6;72;8.6;86;10.2;88;10.4;75;8.9;83;9.8;70;8.3;70;8.3;81;9.6;63;7.5;87;10.4;99;11.8;90;10.7;77;9.2;80;9.6;79;9.5;82;9.8;72;8.6;76;9.0;97;11.5;80;9.4;68;8.0;73;8.6
"Mežica";46;-;32;-;30;7.4;36;8.9;30;7.5;33;8.2;33;8.3;37;9.3;37;9.4;33;8.4;19;4.9;31;8.0;32;8.2;47;12.6;33;8.9;30;8.2;25;6.8;27;7.4;28;7.7;27;7.5;23;6.4;33;9.2;34;9.5;39;11.0;33;9.3;29;8.1;33;9.2;35;9.8;26;7.3;27;7.6
"Miklavž na Dravskem polju";-;-;-;-;-;-;-;-;35;6.1;39;6.8;41;7.0;53;8.9;46;7.7;50;8.3;49;8.0;48;7.8;43;6.9;59;9.5;49;7.8;46;7.4;55;8.8;57;8.9;56;8.7;76;11.8;58;8.9;58;8.9;60;9.1;50;7.6;61;8.9;46;6.6;49;7.0;53;7.4;45;6.3;43;5.9
"Miren - Kostanjevica";35;-;46;-;34;7.2;40;8.4;36;7.6;43;9.0;38;7.9;37;7.6;40;8.2;38;7.9;43;8.9;49;10.2;42;8.7;45;9.4;51;10.4;43;8.9;55;11.3;46;9.6;41;8.4;53;10.9;38;7.9;38;7.9;40;8.3;52;10.6;42;8.4;47;9.4;48;9.5;43;8.5;36;7.1;30;5.9
"Mirna";-;-;-;-;-;-;-;-;-;-;-;-;-;-;-;-;-;-;-;-;-;-;-;-;-;-;-;-;-;-;-;-;-;-;19;7.4;27;10.5;33;12.9;34;13.5;34;13.5;18;7.0;32;12.4;41;15.6;22;8.2;31;11.6;27;10.0;27;9.9;25;9.0
"Mirna Peč";-;-;-;-;-;-;-;-;25;9.3;33;12.3;29;10.6;27;9.8;27;9.8;19;6.9;23;8.3;30;10.7;34;12.2;27;9.7;29;10.5;45;16.1;31;11.0;38;13.4;38;13.3;37;12.9;33;11.4;35;11.9;39;13.2;35;11.9;35;11.7;29;9.6;35;11.4;31;10.0;31;9.8;30;9.4
"Mislinja";51;-;33;-;52;11.4;62;13.5;50;10.8;53;11.4;38;8.1;41;8.7;47;9.9;48;10.2;33;6.9;50;10.5;42;8.9;55;11.7;46;9.8;51;10.9;46;9.8;56;12.0;46;9.9;47;10.2;45;9.8;50;10.9;40;8.7;42;9.2;51;11.2;36;7.9;42;9.2;37;8.1;41;9.0;24;5.3
"Mokronog - Trebelno";-;-;-;-;-;-;-;-;-;-;-;-;-;-;-;-;-;-;-;-;-;-;-;-;34;11.5;41;14.3;26;9.0;50;17.2;35;11.8;32;10.7;39;12.9;28;9.2;36;11.9;40;13.2;44;14.6;35;11.4;45;14.6;48;15.3;48;15.3;32;10.1;29;9.0;34;10.4
"Moravče";57;-;65;-;63;14.4;58;13.2;56;13.0;59;13.6;55;12.5;56;12.5;49;10.8;55;12.0;56;12.0;59;12.5;63;13.1;59;12.2;70;14.4;71;14.3;57;11.2;59;11.6;64;12.4;53;10.2;65;12.4;54;10.3;51;9.6;61;11.4;74;13.6;57;10.4;62;11.3;62;11.2;64;11.4;58;10.2
"Moravske Toplice";65;-;51;-;57;9.0;59;9.3;40;6.3;59;9.3;59;9.4;51;8.1;45;7.2;64;10.3;46;7.4;49;7.8;43;6.9;51;8.4;45;7.5;40;6.7;51;8.5;53;8.9;53;9.0;53;9.0;77;13.1;62;10.6;69;11.8;73;12.6;54;9.2;47;8.0;60;10.0;44;7.4;52;8.7;49;8.2
"Mozirje";67;-;74;-;68;10.8;61;9.7;75;12.1;62;10.0;64;10.2;66;10.4;55;8.6;63;9.9;59;9.3;61;9.5;39;9.5;53;13.1;42;10.3;35;8.6;36;8.8;59;14.4;32;7.8;39;9.5;44;10.9;37;9.1;40;9.9;38;9.2;52;12.6;47;11.1;53;12.4;44;9.9;52;11.4;34;7.5
"Murska Sobota";204;-;178;-;167;8.1;151;7.4;147;7.2;170;8.4;154;7.6;178;8.8;160;8.0;165;8.3;137;6.9;168;8.5;172;8.7;177;9.1;183;9.4;164;8.5;163;8.4;148;7.7;155;8.1;142;7.5;153;8.1;175;9.2;157;8.3;157;8.4;142;7.6;117;6.3;128;6.9;144;7.7;118;6.3;110;6.0
"Muta";35;-;43;-;42;11.1;50;13.2;32;8.4;40;10.6;33;8.8;35;9.3;31;8.4;31;8.4;28;7.6;32;8.7;28;7.6;36;10.1;35;9.9;32;9.1;33;9.4;28;8.0;38;11.1;41;12.0;24;7.1;39;11.6;26;7.7;31;9.2;36;10.6;25;7.3;30;8.8;33;9.7;25;7.4;28;8.3
"Naklo";62;-;61;-;57;11.9;44;9.2;52;10.8;57;11.7;49;10.0;56;11.3;48;9.6;50;9.9;52;10.3;61;12.1;65;12.7;69;13.5;74;14.2;64;12.2;64;12.1;61;11.5;60;11.2;43;8.1;48;9.1;55;10.4;46;8.6;42;7.8;48;8.9;47;8.7;41;7.6;52;9.5;52;9.5;48;8.8
"Nazarje";33;-;26;-;26;10.3;30;11.9;24;8.8;24;8.8;29;10.7;25;9.2;19;7.1;21;7.9;22;8.3;23;8.6;19;7.1;23;8.8;26;10.1;29;11.2;23;8.8;29;11.1;22;8.5;25;9.7;26;10.2;24;9.3;32;12.3;33;12.7;25;9.6;28;10.6;18;6.8;28;10.5;25;9.4;19;7.0
"Nova Gorica";369;-;350;-;357;8.3;339;8.0;301;8.3;287;7.9;295;8.1;296;8.1;277;7.7;277;7.7;323;9.0;329;9.1;320;10.0;349;11.0;337;10.5;346;10.8;356;11.1;343;10.7;311;9.8;309;9.7;290;9.1;308;9.7;287;9.0;259;8.2;255;8.0;246;7.7;276;8.7;219;6.9;221;6.9;228;7.1
"Novo mesto";558;-;537;-;515;10.0;538;10.4;413;10.1;392;9.6;407;9.9;421;10.2;397;9.6;378;9.1;371;8.9;479;11.4;396;11.2;409;11.5;399;11.1;463;12.8;432;11.9;446;12.3;412;11.3;444;12.3;408;11.2;412;11.3;386;10.6;429;11.7;419;11.2;389;10.4;402;10.8;387;10.3;369;9.7;394;10.2
"Odranci";19;-;11;-;16;9.2;18;10.4;24;13.7;14;8.0;20;11.5;15;8.7;16;9.3;15;8.8;10;5.9;13;7.7;16;9.4;21;12.5;25;14.9;26;15.3;14;8.3;21;12.7;19;11.6;22;13.4;17;10.4;15;9.2;13;8.0;14;8.6;22;13.4;10;6.1;12;7.4;10;6.3;18;11.2;13;8.2
"Oplotnica";-;-;-;-;-;-;-;-;44;11.2;39;9.9;35;8.8;37;9.4;40;10.1;40;10.1;31;7.8;28;7.1;33;8.3;47;11.9;42;10.7;49;12.4;40;10.1;41;10.2;55;13.7;44;10.8;41;10.1;46;11.2;44;10.7;42;10.2;50;12.1;53;12.8;31;7.5;34;8.2;34;8.2;41;9.8
"Ormož";189;-;180;-;175;9.8;168;9.5;167;9.4;154;8.7;159;8.9;144;8.1;162;9.1;134;7.6;162;9.2;164;9.3;99;7.6;106;8.3;134;10.6;123;9.7;117;9.3;108;8.6;113;9.0;97;7.8;109;8.8;97;7.9;105;8.6;95;7.9;98;8.2;101;8.5;87;7.3;96;8.1;78;6.6;81;6.8
"Osilnica";3;-;3;-;3;7.0;3;7.1;2;4.8;2;5.0;2;5.0;3;7.4;3;7.1;1;2.3;5;11.6;3;7.1;0;0.0;2;5.0;4;10.0;1;2.5;6;15.0;5;12.1;0;0.0;2;5.3;3;8.0;4;10.8;3;8.1;5;13.7;1;2.7;1;2.9;1;3.1;4;12.1;0;0.0;1;3.0
"Pesnica";75;-;67;-;61;8.7;60;8.5;76;10.7;71;9.9;78;10.7;64;8.7;85;11.4;66;8.8;61;8.2;54;7.2;50;6.6;62;8.2;58;7.7;77;10.1;63;8.4;79;10.5;71;9.4;54;7.2;55;7.4;61;8.2;51;6.9;46;6.3;41;5.6;53;7.1;48;6.4;48;6.3;50;6.5;54;7.0
"Piran/Pirano";139;-;130;-;146;8.4;116;6.7;136;7.8;116;6.6;133;7.6;122;7.0;123;7.0;118;6.7;116;6.6;115;6.6;150;8.6;154;8.9;134;7.6;147;8.3;173;9.8;164;9.3;134;7.5;147;8.3;117;6.6;135;7.6;135;7.6;122;6.9;133;7.5;133;7.4;129;7.0;113;6.2;108;6.0;107;5.9
"Pivka";59;-;60;-;52;8.8;47;7.9;53;8.9;72;12.1;56;9.3;58;9.7;58;9.7;66;11.1;55;9.2;51;8.5;62;10.2;69;11.5;59;9.9;66;11.1;64;10.7;74;12.3;70;11.5;55;9.1;61;10.1;55;9.0;65;10.7;53;8.7;64;10.4;55;8.9;55;8.8;43;6.9;45;7.3;31;5.0
"Podčetrtek";48;-;49;-;51;10.6;53;11.2;42;12.7;31;9.4;30;9.2;30;9.1;47;14.2;28;8.4;29;8.7;26;7.8;37;11.1;30;9.2;34;10.3;48;14.4;33;9.9;30;9.0;31;9.3;32;9.7;39;11.7;37;11.1;35;10.5;32;9.4;44;12.8;34;9.6;39;10.7;35;9.6;28;7.8;26;7.2
"Podlehnik";-;-;-;-;-;-;-;-;12;6.2;14;7.2;11;5.7;27;14.0;11;5.7;8;4.1;27;13.9;12;6.2;17;8.7;13;6.8;15;8.0;23;12.1;10;5.3;12;6.3;16;8.6;16;8.7;10;5.5;15;8.3;15;8.0;15;8.1;17;9.5;17;9.3;13;7.0;13;7.1;14;7.7;14;7.7
"Podvelka";42;-;37;-;28;6.6;27;6.4;20;7.0;30;10.6;15;5.4;27;9.7;30;10.9;24;8.8;30;10.9;27;9.9;29;10.7;21;8.0;28;10.7;21;8.2;25;9.8;19;7.6;22;9.0;24;9.9;17;7.1;24;10.1;29;12.2;16;6.8;22;9.4;12;5.1;19;8.1;12;5.2;14;6.2;13;5.8
"Poljčane";-;-;-;-;-;-;-;-;-;-;-;-;-;-;-;-;-;-;-;-;-;-;-;-;38;8.8;41;9.1;42;9.2;52;11.4;47;10.3;47;10.3;36;8.0;36;8.1;44;9.9;31;7.0;30;6.8;40;9.1;33;7.4;33;7.4;39;8.7;28;6.3;30;6.8;33;7.5
"Polzela";-;-;-;-;-;-;-;-;58;11.1;52;10.0;36;6.9;52;9.8;45;8.5;36;6.7;59;10.9;61;11.0;57;10.2;60;10.4;63;10.7;43;7.2;59;9.9;62;10.3;65;10.8;51;8.4;49;8.0;66;10.7;62;10.0;46;7.4;57;9.2;66;10.4;59;9.3;61;9.5;52;8.1;56;8.6
"Postojna";120;-;129;-;110;7.6;129;9.0;135;9.3;116;8.0;127;8.7;128;8.7;150;10.2;129;8.8;145;9.8;145;9.8;155;10.3;194;12.6;192;12.3;198;12.6;212;13.5;189;12.0;196;12.4;172;10.8;202;12.6;168;10.4;183;11.3;154;9.6;175;10.7;180;10.9;172;10.3;160;9.5;142;8.1;135;7.6
"Prebold";-;-;-;-;-;-;-;-;34;7.5;35;7.6;39;8.4;38;8.2;42;9.0;43;9.3;33;7.2;43;9.4;32;7.0;53;11.6;52;11.1;59;12.3;74;14.7;54;10.8;67;13.3;55;11.0;48;9.6;50;9.9;52;10.3;60;11.9;46;9.0;50;9.7;46;8.8;34;6.4;44;8.2;45;8.5
"Preddvor";37;-;42;-;46;12.7;46;12.6;35;11.8;33;11.1;30;9.9;29;9.4;26;8.3;39;12.5;29;9.2;30;9.3;40;12.3;42;12.1;38;11.1;42;12.0;43;12.1;41;11.5;28;7.9;39;11.0;29;8.1;33;9.2;30;8.3;38;10.4;32;8.7;30;7.9;46;12.1;36;9.4;27;6.9;40;10.2
"Prevalje";-;-;-;-;-;-;-;-;60;9.2;63;9.7;50;7.6;42;6.4;51;7.8;62;9.4;54;8.1;57;8.6;60;9.1;66;9.8;85;12.5;59;8.6;57;8.3;71;10.4;56;8.2;60;8.9;61;9.0;60;8.8;71;10.5;64;9.4;72;10.6;53;7.8;71;10.5;49;7.3;53;7.8;52;7.7
"Ptuj";326;-;276;-;246;7.8;282;8.9;186;7.7;195;8.1;192;8.0;197;8.2;185;7.7;182;7.6;194;8.1;194;8.1;214;9.0;225;9.5;248;10.4;213;9.0;221;9.3;236;10.0;195;8.4;194;8.4;185;8.0;194;8.4;186;8.0;190;8.2;176;7.5;162;6.9;165;7.0;180;7.7;174;7.4;156;6.5
"Puconci";47;-;54;-;64;10.1;55;8.6;44;6.9;67;10.5;38;5.9;54;8.5;53;8.4;57;9.0;65;10.3;48;7.6;56;8.9;57;9.3;68;11.1;45;7.4;66;10.8;60;9.8;55;9.0;54;9.0;45;7.5;45;7.6;41;6.9;42;7.1;45;7.6;44;7.5;39;6.6;55;9.4;42;7.1;40;6.8
"Rače - Fram";44;-;56;-;56;9.6;56;9.6;43;7.3;42;7.0;51;8.4;43;7.0;62;10.0;51;8.2;48;7.6;52;8.2;51;7.9;75;11.7;54;8.2;67;9.9;78;11.3;78;11.2;67;9.6;102;14.5;63;8.9;80;11.2;71;9.9;74;10.1;72;9.7;54;7.2;80;10.4;72;9.2;67;8.3;74;9.2
"Radeče";38;-;36;-;51;11.1;32;7.0;53;11.2;44;9.3;33;7.0;37;7.9;32;6.9;42;9.0;33;7.1;29;6.3;40;8.7;40;8.9;36;8.0;42;9.4;37;8.3;43;9.7;36;8.3;40;9.3;42;9.7;32;7.5;42;10.0;28;6.7;46;11.0;39;9.4;31;7.5;25;6.1;36;8.8;40;9.8
"Radenci";51;-;65;-;44;8.1;53;9.8;40;7.5;42;7.9;51;9.5;36;6.7;47;8.8;41;7.7;49;9.2;35;6.6;41;7.8;34;6.5;48;9.1;49;9.3;38;7.2;52;9.9;33;6.3;41;7.8;28;5.4;44;8.6;57;11.1;34;6.6;42;8.2;40;7.8;36;7.1;46;8.9;24;4.6;32;6.3
"Radlje ob Dravi";59;-;49;-;54;8.7;59;9.5;46;7.4;62;9.9;55;8.8;64;10.2;58;9.3;46;7.3;65;10.3;69;11.0;57;9.1;70;11.3;72;11.5;76;12.2;70;11.1;60;9.5;64;10.1;62;9.9;64;10.2;70;11.3;69;11.1;44;7.1;42;6.8;42;6.8;62;10.1;50;8.1;44;7.1;37;5.9
"Radovljica";174;-;173;-;169;9.4;149;8.3;144;8.0;180;9.9;166;9.1;157;8.6;158;8.6;188;10.3;148;8.0;194;10.5;203;10.9;193;10.3;181;9.7;203;10.8;211;11.1;200;10.6;172;9.1;179;9.5;140;7.4;182;9.7;144;7.6;172;9.1;150;7.9;171;9.0;152;7.9;141;7.3;144;7.4;133;6.9
"Ravne na Koroškem";167;-;207;-;186;9.8;188;9.9;105;8.4;112;9.0;115;9.3;119;9.6;108;8.8;98;8.0;94;7.7;91;7.5;115;9.5;124;10.5;119;10.2;115;9.8;96;8.3;107;9.3;97;8.5;108;9.6;106;9.3;100;8.8;101;8.9;112;10.0;99;8.7;100;8.8;101;9.0;103;9.1;71;6.4;99;8.8
"Razkrižje";-;-;-;-;-;-;-;-;8;5.9;13;9.7;14;10.4;9;6.7;12;9.0;7;5.2;12;8.8;15;11.0;6;4.4;18;13.2;10;7.4;18;13.3;13;9.6;9;6.7;7;5.2;8;6.2;16;12.3;8;6.2;10;7.8;10;7.8;5;3.9;11;8.5;11;8.8;12;9.7;4;3.2;9;7.3
"Rečica ob Savinji";-;-;-;-;-;-;-;-;-;-;-;-;-;-;-;-;-;-;-;-;-;-;-;-;26;11.2;25;11.0;26;11.3;31;13.4;23;10.0;24;10.4;24;10.3;24;10.2;20;8.5;21;9.1;16;7.0;18;7.9;10;4.3;26;11.0;18;7.7;16;6.9;18;7.7;18;7.8
"Renče - Vogrsko";-;-;-;-;-;-;-;-;-;-;-;-;-;-;-;-;-;-;-;-;-;-;-;-;42;9.7;38;9.1;38;8.9;55;12.8;42;9.8;43;10.0;49;11.4;41;9.5;49;11.3;40;9.2;45;10.4;32;7.4;30;6.9;39;8.9;31;7.1;19;4.3;27;6.1;41;9.3
"Ribnica";138;-;107;-;121;10.7;121;10.7;77;8.4;91;9.9;115;12.4;77;8.3;90;9.7;91;9.9;76;8.3;92;9.9;97;10.4;108;11.7;99;10.6;101;10.8;120;12.8;103;11.0;123;13.2;107;11.4;128;13.7;99;10.5;121;12.9;107;11.4;114;12.0;115;12.0;102;10.6;101;10.4;97;9.9;97;9.8
"Ribnica na Pohorju";-;-;-;-;-;-;-;-;10;7.7;19;14.6;8;6.2;18;13.8;15;11.8;10;7.8;12;9.4;14;11.0;10;7.9;12;9.6;19;15.2;10;8.0;15;12.3;7;5.8;9;7.6;11;9.3;7;5.9;14;11.9;8;6.8;12;10.5;7;6.2;14;12.4;13;11.3;8;7.1;5;4.6;9;8.2
"Rogaška Slatina";102;-;111;-;124;11.6;133;12.6;111;10.4;107;10.0;106;9.9;103;9.6;97;9.0;115;10.7;111;10.2;105;9.6;113;10.3;120;10.9;115;10.3;119;10.8;107;9.7;110;10.0;101;9.1;107;9.7;95;8.6;99;9.0;106;9.6;89;8.0;97;8.7;91;8.1;79;6.9;103;9.0;96;8.2;80;6.9
"Rogašovci";32;-;29;-;31;8.8;37;10.6;39;11.2;27;7.8;29;8.4;21;6.2;26;7.7;30;8.9;28;8.4;22;6.6;24;7.2;22;6.8;40;12.4;30;9.3;33;10.3;29;9.1;28;8.8;28;8.9;32;10.3;23;7.5;46;14.9;32;10.4;20;6.5;21;6.9;32;10.2;35;11.3;23;7.4;24;7.8
"Rogatec";27;-;45;-;42;13.1;37;11.6;34;10.5;34;10.4;33;10.1;23;7.0;30;9.3;33;10.2;35;10.8;29;8.9;27;8.4;31;9.9;35;11.2;40;12.7;32;10.2;29;9.2;34;10.9;32;10.2;31;10.0;20;6.5;30;9.8;37;12.1;37;12.0;32;10.3;21;6.8;20;6.5;21;6.9;26;8.4
"Ruše";140;-;163;-;136;9.0;139;9.2;50;6.9;50;6.9;64;8.8;54;7.4;58;7.9;62;8.4;73;9.9;61;8.2;69;9.3;60;8.2;75;10.2;69;9.5;72;9.9;52;7.2;62;8.6;57;7.9;48;6.7;55;7.8;63;8.9;53;7.5;50;7.1;50;7.1;50;7.1;45;6.3;51;7.2;48;6.7
"Selnica ob Dravi";-;-;-;-;-;-;-;-;30;6.5;49;10.7;32;7.0;31;6.7;37;8.1;47;10.3;32;7.0;38;8.3;32;7.1;44;9.7;48;10.5;35;7.7;46;10.1;42;9.2;32;7.1;46;10.2;52;11.5;27;6.0;50;11.2;36;8.0;45;10.0;38;8.3;39;8.6;27;6.0;32;7.1;30;6.8
"Semič";35;-;38;-;44;11.4;32;8.3;47;12.2;37;9.6;39;10.2;35;9.1;42;10.9;38;9.9;36;9.4;35;9.1;39;10.0;41;10.7;34;9.0;46;12.0;46;12.0;40;10.4;39;10.2;41;10.8;39;10.3;41;10.8;36;9.5;56;14.9;37;9.6;32;8.2;37;9.5;34;8.8;37;9.6;36;9.4
"Sevnica";180;-;198;-;182;10.3;170;9.7;163;9.3;164;9.4;163;9.3;169;9.7;167;9.5;163;9.3;146;8.4;148;8.5;141;8.1;164;9.3;163;9.2;170;9.6;165;9.4;161;9.2;156;8.9;190;10.9;190;10.8;146;8.4;194;11.1;156;8.9;159;9.0;179;10.1;165;9.3;140;7.9;175;9.9;128;7.3
"Sežana";93;-;107;-;102;8.6;78;6.6;86;7.3;86;7.2;97;8.1;84;7.0;91;7.5;77;6.4;104;8.7;109;9.0;110;8.8;143;11.3;127;9.9;129;10.0;138;10.6;130;10.0;108;8.3;119;9.1;119;9.1;128;9.7;105;7.9;98;7.4;97;7.2;109;8.0;114;8.3;102;7.4;112;8.1;90;6.5
"Slovenj Gradec";187;-;186;-;175;10.5;174;10.4;162;9.6;183;10.8;142;8.4;158;9.3;144;8.5;176;10.4;152;8.9;157;9.2;159;9.3;182;10.9;198;11.8;164;9.7;198;11.7;201;11.9;154;9.1;182;10.8;159;9.5;152;9.1;172;10.4;173;10.4;144;8.7;157;9.5;153;9.2;150;8.9;136;8.0;151;8.8
"Slovenska Bistrica";309;-;361;-;289;8.7;305;9.1;271;9.1;285;9.6;281;9.4;266;8.9;291;9.7;276;9.1;262;8.6;283;9.3;241;9.9;252;10.3;284;11.6;284;11.5;276;11.0;276;11.0;262;10.4;281;11.1;254;10.0;283;11.1;258;10.1;244;9.5;259;10.1;228;8.8;252;9.7;211;8.1;232;8.9;204;7.8
"Slovenske Konjice";160;-;155;-;133;9.8;145;10.6;123;9.0;143;10.5;132;9.7;142;10.3;143;10.3;137;9.8;131;9.4;165;11.7;133;9.3;166;11.6;193;13.4;176;12.2;168;11.6;140;9.7;149;10.3;152;10.5;146;10.0;162;11.0;158;10.7;154;10.3;157;10.5;143;9.4;156;10.2;135;8.9;150;9.8;147;9.5
"Sodražica";-;-;-;-;-;-;-;-;14;6.5;23;10.7;23;10.7;23;10.7;10;4.6;25;11.6;22;10.2;25;11.4;22;10.1;23;10.6;29;13.4;26;12.0;28;12.9;28;12.8;19;8.7;35;16.1;29;13.3;23;10.5;36;16.6;25;11.4;23;10.5;31;14.0;28;12.5;24;10.6;19;8.3;20;8.7
"Solčava";-;-;-;-;-;-;-;-;6;10.7;5;8.9;2;3.6;3;5.5;4;7.2;5;9.3;4;7.4;5;9.1;3;5.5;10;19.1;5;9.8;4;7.7;5;9.7;9;17.4;7;13.4;0;0.0;9;17.9;9;17.3;6;11.5;5;9.6;5;9.7;3;5.7;5;9.5;7;13.5;4;7.9;5;9.9
"Središče ob Dravi";-;-;-;-;-;-;-;-;-;-;-;-;-;-;-;-;-;-;-;-;-;-;-;-;16;7.0;21;9.8;21;9.8;29;13.6;19;8.9;18;8.5;19;9.1;20;9.7;23;11.3;20;9.9;21;10.5;15;7.6;11;5.6;10;5.2;15;7.8;19;10.0;13;6.8;16;8.7
"Starše";37;-;38;-;35;9.0;40;10.3;23;5.8;41;10.4;30;7.6;36;9.0;32;8.0;37;9.2;38;9.4;34;8.3;39;9.6;48;11.9;33;8.0;42;10.2;39;9.3;34;8.3;39;9.5;29;7.1;32;7.9;29;7.1;28;7.0;42;10.6;28;7.0;27;6.7;42;10.4;29;7.1;36;8.8;31;7.6
"Straža";-;-;-;-;-;-;-;-;-;-;-;-;-;-;-;-;-;-;-;-;-;-;-;-;43;11.3;50;13.3;45;11.9;50;13.0;35;9.1;37;9.6;39;10.1;35;9.1;37;9.7;47;12.2;40;10.3;53;13.6;42;10.7;31;7.9;36;9.3;34;8.7;37;9.5;40;10.2
"Sveta Ana";-;-;-;-;-;-;-;-;21;9.0;22;9.5;22;9.4;30;12.7;21;8.9;22;9.4;25;10.6;29;12.2;17;7.1;23;9.6;22;9.4;24;10.1;27;11.6;28;11.9;27;11.5;31;13.3;26;11.2;23;9.9;23;10.0;15;6.6;21;9.1;25;10.9;27;11.6;17;7.3;19;8.1;15;6.3
"Sveta Trojica v Slov. goricah";-;-;-;-;-;-;-;-;-;-;-;-;-;-;-;-;-;-;-;-;-;-;-;-;22;9.6;16;7.2;14;6.3;15;7.1;14;6.7;16;7.6;13;6.3;21;10.2;26;12.6;19;9.2;23;11.2;15;7.3;19;9.1;19;8.8;24;10.8;20;9.2;18;8.2;19;8.4
"Sveti Andraž v Slov. goricah";-;-;-;-;-;-;-;-;12;9.5;12;9.5;14;11.0;9;7.0;8;6.3;12;9.4;12;9.6;10;8.0;7;5.6;17;13.9;14;11.6;18;14.7;11;9.2;10;8.7;15;13.0;9;7.8;14;11.9;10;8.7;21;18.4;20;17.0;12;10.1;12;10.1;13;10.9;15;12.6;10;8.4;15;12.6
"Sveti Jurij ob Ščavnici";38;-;32;-;31;10.5;32;10.9;26;8.8;19;6.5;19;6.5;18;6.2;21;7.2;33;11.3;27;9.3;40;13.8;40;13.6;28;9.6;33;11.5;36;12.4;30;10.4;31;10.7;28;9.7;37;12.8;35;12.1;32;11.2;25;8.8;30;10.6;23;8.2;21;7.5;36;12.6;22;7.8;19;6.8;24;8.6
"Sveti Jurij v Slov. goricah";-;-;-;-;-;-;-;-;-;-;-;-;-;-;-;-;-;-;-;-;-;-;-;-;15;7.0;15;7.1;20;9.4;14;6.6;13;6.2;21;10.0;15;7.2;18;8.7;28;13.5;27;12.9;21;10.1;18;8.7;25;12.0;11;5.2;16;7.6;22;10.4;24;11.1;18;8.2
"Sveti Tomaž";-;-;-;-;-;-;-;-;-;-;-;-;-;-;-;-;-;-;-;-;-;-;-;-;18;8.2;24;11.4;23;10.9;22;10.5;18;8.5;12;5.7;18;8.6;29;14.0;21;10.2;19;9.4;15;7.4;22;10.9;21;10.5;11;5.5;12;5.9;13;6.4;10;5.1;18;9.1
"Šalovci";24;-;15;-;18;7.8;15;6.5;14;7.4;14;7.5;10;5.5;18;9.9;10;5.6;15;8.5;1;0.6;6;3.5;12;7.2;10;6.1;7;4.4;12;7.6;8;5.1;7;4.6;10;6.6;14;9.4;15;10.4;8;5.6;8;5.6;13;9.3;9;6.5;8;5.8;4;2.9;9;6.6;11;8.2;14;10.4
"Šempeter - Vrtojba";-;-;-;-;-;-;-;-;42;6.6;45;7.1;43;6.8;52;8.2;51;8.0;55;8.6;63;9.8;55;8.6;64;9.9;67;10.6;76;11.9;57;9.0;70;11.0;54;8.5;63;9.9;59;9.4;75;11.9;62;9.9;52;8.4;56;9.0;42;6.7;53;8.5;57;9.2;51;8.2;45;7.3;43;6.8
"Šenčur";81;-;104;-;108;13.5;87;10.7;99;12.1;117;14.1;78;9.3;106;12.4;65;8.6;95;12.3;90;11.5;106;13.4;91;11.3;98;12.0;105;12.6;111;13.1;81;9.6;101;11.9;102;12.1;97;11.4;96;11.2;89;10.4;99;11.5;81;9.4;91;10.4;89;10.1;92;10.4;97;10.9;62;7.0;76;8.7
"Šentilj";80;-;74;-;50;6.1;74;9.1;69;8.4;75;9.2;71;8.7;86;10.5;65;7.9;71;8.5;66;7.9;72;8.5;85;10.0;80;9.5;64;7.6;72;8.6;71;8.5;79;9.4;72;8.5;74;8.8;86;10.3;74;8.8;85;10.2;66;7.8;87;10.4;79;9.5;72;8.6;57;6.8;63;7.5;59;7.0
"Šentjernej";81;-;71;-;69;10.6;69;10.6;70;10.6;74;11.2;72;10.9;65;9.8;69;10.4;67;10.0;55;8.2;77;11.5;68;10.1;78;11.7;72;10.7;77;11.4;99;14.4;81;11.7;90;13.0;88;12.6;97;13.9;98;14.0;102;14.3;97;13.6;84;11.7;86;11.9;94;13.0;77;10.6;77;10.4;81;10.9
"Šentjur";206;-;201;-;175;9.1;201;10.4;196;10.7;165;8.9;184;9.9;165;8.9;182;9.8;172;9.3;164;8.8;180;9.6;206;10.9;220;11.7;206;11.0;218;11.5;202;10.7;217;11.4;187;9.9;214;11.3;201;10.6;180;9.5;201;10.6;189;9.9;189;9.9;197;10.2;204;10.5;185;9.5;178;9.1;139;7.1
"Šentrupert";-;-;-;-;-;-;-;-;-;-;-;-;-;-;-;-;-;-;-;-;-;-;-;-;26;10.7;24;10.0;29;10.3;23;8.2;31;11.0;18;6.4;26;9.1;20;6.9;21;7.2;28;9.6;34;11.8;21;7.2;23;7.7;30;10.1;22;7.5;29;9.8;34;11.5;21;7.4
"Škocjan";47;-;32;-;32;10.8;34;11.4;33;10.9;38;12.5;38;12.4;30;9.8;47;15.3;33;10.5;51;16.1;37;11.6;47;14.8;44;13.9;57;17.7;39;12.0;39;12.2;43;13.5;45;14.0;39;12.0;34;10.5;46;14.2;29;8.9;31;9.5;31;9.3;55;16.1;39;11.4;24;7.0;42;12.1;44;12.4
"Škofja Loka";259;-;223;-;244;11.0;238;10.8;248;11.2;274;12.4;223;10.1;255;11.5;214;9.6;247;11.1;244;10.9;249;11.2;262;11.7;265;11.7;274;12.1;269;11.9;301;13.2;282;12.3;281;12.3;247;10.8;277;12.1;244;10.6;252;11.0;269;11.7;256;11.0;259;11.1;233;9.9;250;10.6;223;9.4;242;10.1
"Škofljica";65;-;64;-;78;13.3;70;11.4;71;11.3;94;14.2;73;10.6;93;13.1;78;10.6;104;13.8;79;10.3;83;10.6;100;12.5;107;12.8;113;13.2;110;12.2;130;14.0;147;15.4;127;12.9;151;14.9;121;11.6;143;13.2;106;9.6;120;10.8;121;10.6;116;9.9;108;9.3;110;9.4;93;7.8;103;8.6
"Šmarje pri Jelšah";87;-;118;-;65;6.8;94;9.9;93;9.8;92;9.7;94;9.9;107;11.3;93;9.7;99;10.3;101;10.4;90;9.3;109;11.2;117;11.8;122;12.2;136;13.5;120;11.7;127;12.4;111;10.8;117;11.4;108;10.5;99;9.7;87;8.5;92;9.0;108;10.5;98;9.6;109;10.5;96;9.2;99;9.4;87;8.2
"Šmarješke Toplice";-;-;-;-;-;-;-;-;-;-;-;-;-;-;-;-;-;-;-;-;-;-;-;-;37;12.1;50;16.1;41;13.0;35;11.0;38;12.0;36;11.2;33;10.2;37;11.2;32;9.8;32;9.7;23;7.0;40;12.0;45;13.2;35;10.0;36;10.2;28;7.9;46;12.9;39;10.9
"Šmartno ob Paki";33;-;26;-;24;8.5;26;9.2;33;11.5;26;9.0;23;7.9;22;7.4;29;9.9;24;8.1;33;10.9;28;9.1;36;11.6;32;10.2;24;7.7;31;9.8;34;10.7;31;9.6;33;10.2;39;12.0;33;10.2;29;9.0;36;11.2;33;10.2;35;10.7;32;9.7;34;10.4;27;8.1;33;9.7;33;9.7
"Šmartno pri Litiji";-;-;-;-;-;-;-;-;-;-;-;-;-;-;-;-;52;10.0;55;10.6;41;7.9;51;9.8;64;12.2;58;10.7;84;15.6;69;12.8;62;11.3;71;12.8;51;9.2;72;13.1;66;11.9;54;9.7;80;14.4;66;11.8;63;11.2;72;12.7;64;11.3;64;11.2;51;8.9;60;10.4
"Šoštanj";96;-;89;-;73;8.9;80;9.8;97;11.9;71;8.6;84;10.2;72;8.6;80;9.6;85;10.1;82;9.7;88;10.3;78;9.1;97;11.5;108;12.7;90;10.3;98;11.2;87;9.9;92;10.4;90;10.3;108;12.4;87;10.0;95;10.9;71;8.2;90;10.3;97;10.9;66;7.5;80;9.0;83;9.1;90;10.0
"Štore";35;-;45;-;41;9.8;36;8.7;41;9.9;33;8.0;32;7.7;45;10.8;25;6.0;32;7.7;37;8.9;38;9.0;46;10.8;39;9.4;47;11.0;37;8.6;40;9.4;28;6.5;51;11.9;33;7.8;38;9.0;50;11.8;35;8.2;45;10.4;34;7.4;46;10.2;26;5.8;30;6.8;48;10.8;38;8.6
"Tabor";-;-;-;-;-;-;-;-;12;8.1;9;6.0;10;6.6;12;7.9;11;7.2;11;7.3;6;4.0;14;9.3;7;4.7;18;11.8;13;8.6;19;12.3;19;11.9;28;17.2;25;15.3;27;16.6;23;14.0;20;12.2;17;10.3;16;9.7;19;11.5;23;13.8;18;10.8;24;13.9;16;9.2;19;10.6
"Tišina";73;-;59;-;76;11.9;57;8.9;41;9.6;36;8.4;46;10.7;29;6.8;40;9.3;35;8.2;39;9.1;44;10.2;35;8.2;33;7.9;44;10.6;35;8.4;39;9.4;41;9.9;34;8.3;34;8.3;32;7.9;30;7.4;30;7.5;33;8.3;31;7.8;31;7.8;23;5.8;27;6.8;31;7.9;26;6.6
"Tolmin";95;-;112;-;115;9.2;98;7.9;116;9.4;119;9.6;94;7.6;91;7.5;102;8.4;99;8.2;87;7.3;84;7.0;113;9.5;108;9.1;119;10.2;110;9.4;110;9.5;126;10.8;109;9.4;111;9.7;114;10.1;90;8.0;106;9.4;82;7.4;87;7.9;85;7.7;88;8.0;76;7.0;67;6.2;96;8.9
"Trbovlje";157;-;137;-;140;7.4;121;6.5;121;6.5;132;7.1;118;6.4;131;7.1;125;6.8;122;6.7;118;6.6;150;8.4;152;8.5;149;8.5;162;9.2;145;8.3;156;9.1;136;8.0;144;8.6;156;9.4;140;8.5;133;8.2;138;8.5;130;8.1;114;7.1;91;5.7;114;7.2;114;7.2;100;6.3;116;7.2
"Trebnje";207;-;182;-;213;11.7;205;11.4;176;9.7;209;11.4;196;10.7;187;10.1;187;10.0;183;9.8;189;10.0;198;10.4;145;10.4;181;12.8;192;13.1;169;11.5;176;12.0;174;14.4;143;11.8;175;14.5;149;12.2;163;13.1;149;11.8;163;12.7;156;12.0;129;9.7;172;12.8;145;10.8;151;11.2;159;11.7
"Trnovska vas";-;-;-;-;-;-;-;-;8;6.2;4;3.1;10;7.9;19;15.0;11;8.7;11;8.7;8;6.3;16;12.5;19;14.6;16;12.1;13;9.9;18;13.4;12;8.9;23;16.9;14;10.4;18;13.6;15;11.3;18;13.3;15;10.9;13;9.5;16;11.9;10;7.3;14;10.2;11;7.8;13;9.3;12;8.6
"Trzin";-;-;-;-;-;-;-;-;28;9.3;35;11.4;44;13.4;39;11.7;40;11.5;45;12.6;51;14.1;41;11.2;49;13.4;56;15.3;51;13.7;46;12.1;38;9.9;53;13.8;40;10.3;54;14.0;39;10.1;33;8.5;40;10.3;33;8.5;42;10.7;29;7.4;35;9.0;29;7.4;32;8.0;27;6.7
"Tržič";159;-;156;-;137;9.1;137;9.1;141;9.3;132;8.7;145;9.5;124;8.1;153;10.0;132;8.7;145;9.5;131;8.6;142;9.3;165;10.8;172;11.2;165;10.8;147;9.7;154;10.1;138;9.1;152;10.1;147;9.8;131;8.8;137;9.3;162;11.0;142;9.5;122;8.1;142;9.4;135;9.0;113;7.5;104;6.9
"Turnišče";31;-;44;-;33;9.0;26;7.2;27;7.5;27;7.5;31;8.7;28;7.9;35;9.9;26;7.4;27;7.7;26;7.5;32;9.2;31;9.1;37;10.9;26;7.7;30;8.8;34;10.2;43;12.9;41;12.5;25;7.6;33;10.1;27;8.4;31;9.7;18;5.7;26;8.1;15;4.7;21;6.6;25;8.0;21;6.7
"Velenje";323;-;313;-;325;9.4;326;9.5;303;8.8;284;8.3;317;9.3;323;9.5;300;8.9;324;9.6;309;9.2;321;9.5;316;9.3;322;9.7;362;10.9;344;10.4;361;11.0;389;11.8;367;11.1;354;10.8;330;10.1;327;10.0;331;10.1;349;10.6;328;9.8;319;9.5;305;9.1;278;8.3;295;8.8;282;8.3
"Velika Polana";-;-;-;-;-;-;-;-;11;7.0;13;8.2;14;8.9;13;8.3;12;7.7;23;14.8;7;4.5;13;8.5;18;11.8;10;6.7;9;6.1;11;7.5;11;7.4;16;10.8;6;4.1;13;9.1;20;13.8;11;7.6;10;6.9;6;4.2;12;8.5;3;2.2;13;9.4;9;6.4;8;5.7;8;5.8
"Velike Lašče";41;-;28;-;35;10.2;34;9.7;36;10.0;35;9.6;40;10.9;40;10.6;46;12.1;38;9.7;42;10.6;43;10.6;52;12.7;60;14.8;45;10.9;47;11.3;59;14.1;57;13.5;47;11.1;42;10.1;68;16.1;58;13.5;57;13.2;45;10.5;42;9.6;46;10.3;51;11.3;41;9.0;44;9.7;39;8.5
"Veržej";-;-;-;-;-;-;-;-;19;13.5;15;10.5;11;7.9;9;6.5;12;8.8;10;7.4;11;8.1;6;4.5;7;5.3;6;4.5;9;6.9;9;6.9;9;7.0;11;8.6;14;10.7;12;9.4;11;8.5;9;7.0;9;6.9;6;4.6;13;10.1;13;9.7;10;7.4;10;7.3;10;7.4;13;9.4
"Videm";58;-;71;-;68;8.9;60;7.9;47;8.4;44;7.9;47;8.4;49;8.8;38;6.8;42;7.5;38;6.8;40;7.2;46;8.3;51;9.2;64;11.4;58;10.3;63;11.2;55;9.7;53;9.5;47;8.5;56;10.2;50;9.1;54;9.8;54;9.7;57;10.2;45;7.9;58;10.3;35;6.2;43;7.7;42;7.4
"Vipava";45;-;63;-;62;12.0;62;12.0;58;11.1;59;11.3;63;12.0;48;9.2;47;9.0;61;11.6;53;10.0;43;8.1;72;13.3;66;12.3;60;11.2;76;14.2;63;11.4;64;11.5;77;13.8;44;7.8;60;10.7;59;10.5;54;9.6;68;12.2;51;9.1;72;12.5;53;9.2;65;11.2;46;7.8;54;9.2
"Vitanje";24;-;34;-;28;11.5;33;13.5;33;13.6;26;10.9;21;8.9;27;11.5;32;13.6;27;11.5;19;8.1;24;10.2;20;8.5;34;14.7;22;9.6;25;10.9;30;13.1;25;11.0;26;11.5;33;14.7;27;11.9;27;11.9;18;7.9;22;9.7;21;9.3;22;9.7;27;11.9;15;6.7;25;11.1;9;4.1
"Vodice";49;-;40;-;49;13.3;39;10.4;42;11.1;41;10.7;35;9.0;45;11.5;51;12.9;44;11.0;53;13.0;46;11.1;49;11.5;56;12.8;61;13.6;49;10.7;61;13.0;65;13.7;47;9.8;39;8.2;56;11.6;43;8.9;46;9.5;44;9.0;42;8.5;49;9.9;39;7.9;46;9.1;48;9.3;44;8.5
"Vojnik";105;-;108;-;108;11.1;94;9.6;71;9.2;104;13.4;63;8.0;81;10.2;65;8.1;73;9.1;87;10.7;79;9.7;81;9.8;89;10.7;68;8.1;82;9.8;80;9.4;87;10.2;79;9.3;94;10.9;85;9.8;92;10.5;79;9.0;81;9.2;80;9.0;86;9.6;80;8.8;80;8.8;77;8.4;79;8.5
"Vransko";-;-;-;-;-;-;-;-;38;15.3;28;11.1;19;7.4;18;6.9;25;9.5;26;10.0;25;9.7;23;9.1;23;9.0;31;12.1;20;7.7;33;12.8;32;12.3;25;9.4;24;9.2;26;10.0;20;7.7;22;8.5;25;9.6;26;10.0;32;12.2;24;9.1;35;13.1;26;9.7;32;11.8;26;9.6
"Vrhnika";166;-;177;-;167;10.2;157;9.5;185;11.0;154;9.0;182;10.5;173;9.8;175;9.9;183;10.2;219;12.1;203;11.1;207;13.7;209;13.4;203;12.7;194;12.0;195;11.9;207;12.6;195;11.7;187;11.2;201;12.0;171;10.2;174;10.2;173;10.1;179;10.3;155;8.8;161;9.1;161;9.0;170;9.4;153;8.4
"Vuzenica";23;-;22;-;27;9.4;31;10.9;29;10.1;22;7.6;31;10.8;19;6.6;30;10.5;25;8.8;16;5.6;21;7.4;21;7.5;27;9.8;25;9.1;18;6.6;26;9.6;30;11.1;36;13.2;30;11.0;38;14.0;36;13.5;42;15.7;26;9.7;27;10.2;29;10.9;25;9.5;29;10.9;18;6.8;27;10.3
"Zagorje ob Savi";189;-;148;-;171;10.0;170;9.9;169;9.8;145;8.4;163;9.5;156;9.1;137;8.0;153;8.9;150;8.8;161;9.4;197;11.5;192;11.2;206;12.1;191;11.2;184;10.8;192;11.3;183;10.8;169;10.1;160;9.6;185;11.1;195;11.8;166;10.1;146;8.9;158;9.6;165;10.1;137;8.4;141;8.5;123;7.5
"Zavrč";17;-;19;-;15;10.4;18;12.5;10;6.9;19;13.2;16;11.0;12;8.2;12;8.2;15;10.2;14;9.4;18;11.9;16;10.4;14;9.2;15;9.8;19;11.8;15;9.2;18;10.5;11;6.1;16;9.1;7;4.1;9;5.1;10;5.5;12;7.5;13;8.5;12;8.1;9;6.0;12;8.0;7;4.7;14;9.5
"Zreče";82;-;62;-;67;10.7;68;10.9;74;11.7;74;11.8;69;10.9;61;9.6;69;10.9;53;8.4;71;11.2;67;10.4;60;9.2;69;10.6;73;11.2;71;11.0;65;10.1;66;10.3;64;10.0;81;12.7;63;9.8;64;10.0;72;11.3;61;9.5;75;11.5;75;11.4;60;9.1;59;9.0;67;10.1;72;10.8
"Žalec";366;-;375;-;360;9.1;332;8.6;182;8.9;188;9.1;175;8.4;175;8.4;169;8.1;194;9.3;209;9.9;194;9.2;238;11.2;254;12.0;230;10.8;234;10.9;244;11.3;186;8.6;216;10.1;204;9.6;236;11.1;203;9.5;201;9.5;178;8.4;165;7.7;174;8.1;166;7.7;176;8.2;175;8.1;167;7.6
"Železniki";98;-;76;-;93;13.9;81;12.1;85;12.6;90;13.3;93;13.6;70;10.2;75;11.0;79;11.6;74;10.8;90;13.1;80;11.6;90;13.3;83;12.2;81;12.0;67;9.9;81;11.9;74;10.9;68;10.1;74;11.0;75;11.2;90;13.4;78;11.7;85;12.7;84;12.6;78;11.7;67;10.0;79;11.9;73;11.0
"Žetale";-;-;-;-;-;-;-;-;12;8.5;13;9.2;16;11.2;10;7.0;8;5.6;10;7.1;9;6.4;12;8.6;13;9.3;7;5.2;7;5.2;17;12.7;13;9.7;17;12.6;8;6.0;14;10.5;10;7.6;20;15.5;10;7.7;14;10.8;12;9.3;11;8.4;10;7.7;11;8.5;5;3.9;17;13.1
"Žiri";56;-;66;-;44;9.1;59;12.2;45;9.2;46;9.4;59;12.1;54;11.1;45;9.2;62;12.6;52;10.6;72;14.6;56;11.3;49;10.0;61;12.4;60;12.2;60;12.3;50;10.1;58;11.9;43;8.9;60;12.4;56;11.6;46;9.4;39;8.0;46;9.4;47;9.5;55;11.0;57;11.4;43;8.5;60;11.8
"Žirovnica";-;-;-;-;-;-;-;-;33;8.2;48;11.8;32;7.8;31;7.5;31;7.4;33;7.9;41;9.8;42;10.0;32;7.6;37;8.7;42;9.8;63;14.5;52;11.9;40;9.0;44;10.0;42;9.6;44;10.1;44;10.1;58;13.2;48;10.9;33;7.5;35;7.9;36;8.0;45;10.0;37;8.2;34;7.5
"Žužemberk";-;-;-;-;-;-;-;-;59;12.7;52;11.1;38;8.1;41;8.9;44;9.6;48;10.5;47;10.3;47;10.3;48;10.4;50;11.0;55;12.2;49;10.8;57;12.5;53;11.6;36;7.9;64;14.0;53;11.6;56;12.2;59;12.8;55;11.9;63;13.6;39;8.3;46;9.7;66;14.1;39;8.3;43;9.2
